epoch,binary_accuracy,dice,loss,lr,val_binary_accuracy,val_dice,val_loss
0,0.8347142,0.6119767,0.3887659040279686,0.001,0.7668591737747192,0.18817801773548126,0.3131048381328583
